cod_cliente;numCuenta
84171214;2271233378129469
84120571;630456779333
15029096;213110530028059
94642452;676138265746
37872762;4171870325328483
23687158;4025387509527
06667528;180076154117040
32989168;347740817645933
49204483;30314720144541
71496252;2704866677253071
30267435;4379871397448
46262462;379292140516077
80780427;4773743105695961
46172860;4271937797334395
19929484;2293809403530187
62964111;30108265547294
09631038;30365982222292
02630342;2266564473672335
68121020;6544866308256167
95738987;30286466609319
35833284;3560884416607771
02823898;341641342781175
27279816;4874478023200019197
34257814;4278927516751360374
01046892;2704179676023101
20445683;4781493588010750932
76195235;4998165435473746
73293620;371135889916016
88359090;4577905036649269019
32677164;4440390866977619
20179366;2296333588045124
75388102;4790290128704684
49881646;4304106625264072
38870026;3529922401710893
59115496;30537686466777
32521603;4001020263034240
62067911;4071976582964786
53739612;3533135112005040
74965670;6011281542379367
73293804;4938421078078737
95595900;3514454699332328
86868150;375832502792651
09869615;4775055677548363
88501529;349449875266719
16448537;4237412671482515
89476420;38358332782976
48610964;378042695326625
72862582;3527668420192942
34393536;5269994163995599
25427028;4975271671848224
75085865;2720523193755440
09819139;4129977334448914
74351343;676208045317
29085972;4632638208104
34112335;4830333203082493
98405282;346958921423168
63339475;675917325986
55130943;3579969046557212
75805753;2252615318703846
88539386;3511009497148012
14174551;4429679873783761
68379032;4437531969271378865
18702347;4677638555317180
94109290;4567692534583
23513433;4952011842352533
27197493;3515154936518866
08958709;639096966937
07870798;3527053314367522
88155708;379636226806598
49167269;180025724802599
96781753;372038598860211
19391274;5236361951778746
19068190;180082074974544
79538374;4920668527471
40107691;180005556362300
34389058;4226942106912
54307971;4318423073099103382
70776607;4223599079024547528
50467976;4768175165162292
75411442;344983249009376
72688038;213115795693836
54557406;348922109130647
86618182;342622413600006
11373810;564644936911
79007740;4736571394092863
20962968;4829461242770704
23247994;4552578913535422
78400023;180096817191943
61430075;4267090965425466
83736513;6011549998541262
14602344;3595737417898782
04191735;3534951135474628
69743276;3515759674833887
40375922;6544068107904978
76241611;2249934447173227
36395910;4030356016721450
14038976;30232938752428
62505406;30222821262379
77588012;4231365744984303
32527643;4356232020375680
90884658;2718718259128797
48883276;4925323149739484
10510032;578209081087
88312576;6554996710491230
58357859;6545217382178167
48308342;345225216197456
05545742;4502745068664060199
13469719;371934419144937
15694331;30214773642690
07740152;342028227144969
23211834;6011038779855208
10428870;340420381899995
50288649;375082734026813
48254137;4411793625208
20903503;4207883529312
74082353;4494382062071929680
93015851;4625300045226926
28053170;4404556362424
40963754;30395915929432
85101159;2491536399500144
92484665;3516451363222148
06845582;3566578757410068
20990640;2284551565550790
17803847;4330983309924439
96046470;4159627501774146
45992711;4293379031435
78636934;4317594282745209
35045663;2555824176218418
45942440;2268930697997758
67332373;4577352472351782
49810813;30370078272656
74506910;38213448717160
99351014;4619598689412795677
12498185;2288692912170878
38770517;676334180467
68482350;4512801825787
38652356;213163034747013
01582710;30410422776232
97397670;6525791146562688
90689802;3594103384962468
33092515;4638792975310867
92348882;340006546015666
13316600;4234353363939318
03383551;30259128765621
34567111;213185788716027
67051595;6510360050219128
67185269;30460075194340
22704887;5423196022919710
90467820;574013796697
85581197;6520525469042299
70854725;4991545892644615
67960149;4919480795761312330
55830867;6011225071520347
80507901;4259916241209
01526066;4223925744782575
36772834;6536087742338822
09726437;4417962354635500
58598047;3515448703579477
82523145;3509398973081969
43479030;373732750998103
88830605;4623811196908098
05949960;5321697439660279
50506750;3559287467413615
03834336;4140492156898
55226394;3586594228622732
48282307;3526879209016050
99892449;4678746007020962299
06337506;3539043644241717
69726835;6572559557612603
64250847;3509550222781910
08364210;3593036761006387
54540811;4493589025931830292
47790049;36244936792201
32877762;4795165880541786
17602143;4943661117740853
75668334;581174365329
93820806;4417575490361771
26659503;4610560331237621217
50550944;580486843015
50755332;4005511204172032828
38902949;30224505782789
71962436;4112431066935835867
27339411;340719828650279
28065289;5241219648589756
62601849;6512196804939332
25837377;30088572759925
30820609;3538801084981642
84966988;5388326383356029
61075023;30307860676876
14695223;345393783477196
32241822;3582031420890894
47832251;561082998429
54145887;4827389862278710
82197988;3510180736243319
37385279;4636872153561091785
88986999;371428175937246
40347325;348992834026105
13931124;6543302907267042
46746337;4555954203996829029
74025497;4324371736836
10837443;502094718892
14496318;4195849364098959512
99933050;345297562699302
13293253;180070573106726
49631920;2704628365879561
68511401;376020863322107
54792333;3581608247529309
76775246;342292661372128
50308811;3504900739054936
95278230;4272116752388
57002453;213188799436585
49276817;3540570067369580
85489783;3551079872020913
85991491;180096561423013
53525505;4286667371348809
64609164;3504337280249500
26185330;2233329334192018
92099067;4486299237984468871
18221435;676205754812
26481630;3558695960799135
37858735;4630224131518413
13135010;4004962447113910
68687816;5151104149754794
13961961;30346286755799
69530807;30172866269252
09180703;4513878651239
99108779;4772176538058872
44507534;3598029099667298
53823281;4089193394465776
99515812;3502672627263653
68508197;5566530512420150
71868394;4710894968516491
98834174;4321792466765639
81318322;4008264886879
83863110;377805747531744
75270933;4473918595238885
80019435;30276724395371
95101903;4100467757367966731
17964715;180048586895337
09596610;676170851940
39585318;36025855530387
26020631;5588770366257969
24620826;3546102223884171
45831225;3500009008752958
67226887;30481237596321
15547934;2720396727856343
00370912;2291801553861589
03926710;4336543416586192
71479507;560164988522
46871039;213121345297128
52476891;2232784105679760
13245566;6011772483894851
57465500;4330172609667099102
70884289;676293281058
18026580;4031040534753
68867515;4304360290822645
59485216;4115787306796
13747596;4393942793308396
45483783;3595685121330024
74081851;4989007147263263024
44264987;36540034578354
48663557;213153546283359
17082181;3558033070560827
56478464;4414319640955791
18383256;3597179610949708
98168484;373290960920623
87483864;370531632930836
04415220;4610335365667579
52345791;5318030425435701
07617690;6529053021543747
93799553;4549010417137100653
36025749;180041238323931
15096739;4386725382114305910
83047848;30516018326990
17039390;4803011572917
27659694;340674172269459
99171513;4702331430962342
12253319;2288532274065599
27659762;2447905841181404
58214268;3598353423660617
71069944;4728731768794783480
14902697;6500625657088866
91045003;4666675829082615
32348750;2297465326767384
92817012;6011169673821747
41938751;3583538635021205
19553818;345733812991669
58863558;5364369671346227
14521966;4634569609342290
45667688;4727801139033927
74833832;589353439484
78131941;378465782847056
38662553;36354404568544
21037368;4467181993924154
81167548;583915981414
85431423;6595262072997723
87251975;180010176455625
92576902;5296886689088734
78001237;4966797927470810
05219452;36073167374789
54030176;060416751646
88210995;5478827012342141
99417116;2707461313795763
23629936;2245656363379785
58036099;4698029224638
99626952;3513046014201153
00581929;3550947970764536
81610143;180016359422423
21373794;4985086030314231
89004708;4190588813491247129
01290301;501819915544
77476418;4868246441258748
87833195;639021698886
45909177;3530982854198001
95113272;4230459246111
46496836;3566571486501976
72415252;3577855215466974
77396785;5178884057689301
19850542;2229041685565116
62910989;2358714966793606
99257125;180082082748336
74774326;4617856625402
37019495;30540045054029
24431620;30237866004957
78359499;6011692823917404
60683564;4811212266708942
15326690;3551988763270066
16648845;4225828002763890477
11696544;344125017397142
54147423;180065399695357
34435861;4067941472277455
36037186;379279388154778
25164800;4736276202888482
14868863;3584683912177210
75558727;180084541097032
10350737;6011796152056609
33287430;3588073362898307
49804669;4946388143083
49788006;4069484593384866
94172430;343829011181060
53326515;4858914586933530
53030498;4842578293346051
22219442;2292034162521290
30663619;564968477963
11329817;340043640625165
05973491;6579093218365321
03533178;3520023934178515
98217953;6550468983683665
84134646;6556356968325994
06874308;370833887752547
07864155;4281835571342477968
84667908;3506006361719735
62555524;3566364399025824
16546998;4771277521054877
10138236;3532686213953406
25897029;180079274027354
81331468;3552786184851111
65524312;4238958281181102
64866703;6526226644729058
89567074;38514488473469
07547768;30217537053906
52146947;4701371359265292847
75273965;4671674162437
86215350;4508725271733694
04564454;3577838682206123
17044226;38533706800451
00949293;2290138568252970
41880258;3537893784424057
32145670;180037933462560
23601352;502091259262
82368005;3590184082755085
63413878;4068661044235128130
10129661;2274311248152361
43720996;6011638421329864
15631039;2714293369335629
19730424;6011953604739924
47408395;4297888057493300847
53368690;6534273460104651
65080689;6011310470664589
14793257;180010566633260
05178698;4986818139189612
23734623;6011047014734615
97545460;370757065128560
78563421;6011806005379791
34826300;2717841336627572
90920134;5109355505188265
53301284;4630177909898494538
50621897;6506422102920974
43486946;4792467502234714
61474741;30268923080086
96421895;4070564874017516522
35237402;6011999705088216
23996076;3516732855331921
27840894;503810971054
32846980;6011053810300478
35524885;213157970515806
77954305;4785923452556273
64839349;349146126654749
69448898;4762514656792744
05671571;3555820427958289
34318287;2230403515813198
61060654;2275068806745783
39280060;3583429138304001
16127081;4559445148845
09630918;4535328680625
12216116;5488314046052804
15645289;3511851442293926
43574162;341151904084497
32561845;4112158481916820666
08735225;4819525487608
60292223;3533781578669405
14313677;30309568132061
45150180;676381507539
10172988;2266858096800996
47790032;4074188064266
42534488;502063832930
14352461;342627113495060
86209687;4354935732501512854
94985894;6011743942552976
75404475;3505691535451843
08027313;6577103902786211
33024301;345886264714128
24364355;630468530344
16177284;4854004213917900
26471891;4525610110716874970
43831456;4395506037626935
26008448;2583504889734531
17887939;6011801572483571
36774678;2702202381017705
08786777;3515159437361724
18094916;4283813212079657
96225882;4438042793024163
97697442;38513405681949
53293176;346622686705678
65778562;30595902760084
80100898;4240299676408404
28138068;4637548061625647
40899022;571867277261
30358379;2224763720390250
38569593;4576137134020401780
78765214;213163217211308
19821030;372735360403795
16234574;3598958186822962
11374060;180010454172504
14148569;180061419713767
36020799;30559592997901
07516573;3543471763897924
75022228;4377423364916
87921212;4250533901937481
96104880;2618761529993328
44023928;3506291973521212
44945176;4325411779442754
48538046;3574877869099573
27529034;3572980319446394
53671042;6011058662630146
20618483;36460159244163
47415485;2465630735558494
68474867;060475588160
47979826;30024775772506
85736399;6595034315137130
74832538;6011147260009603
20489885;30320227548399
60268600;3519180850222546
35241201;213199946526087
77157850;4590124206967902321
55057479;4614145347017009
03492574;213130257584720
46427601;36061899244826
45197383;4445135768877739
09624078;374064344809276
21251580;4670130822450670225
65863312;30325898547174
29503179;4238506935849664501
95018911;4034130215153054
20392406;3503242769073226
06795139;4111418503826895
86416276;503838534702
50075249;4510157073219633957
65789049;3518631911557545
04237433;4263862126312021
72419526;180097958682526
93439398;6579551318494713
74049509;4305472187169
26878317;2230686074089487
17758062;6011241743717138
19792378;6552716260323514
72177914;6011116323743003
95864822;4687147502426853783
16117990;213134074606443
39176219;4938453070645627
40989457;4824013854210431
44590369;2252514670825729
17444125;4546860298121091430
18458671;6011682296948440
41565056;4191027018553705
66106364;4580521405099
14474699;376253114757678
27200391;4597735040206769308
51284930;4132965394134297
17561532;372388520218446
40841618;30440311458303
55784740;4354236239265220
85564336;2226353612844537
08892676;4383739168587
31503877;4609114015283506
36669165;4398063460673
16916890;6500346366118668
22602138;3573661155624661
32401707;345372729853454
69285875;213170021744598
16499119;4062735373096606214
09636958;562331830546
14935015;060439186010
99476397;4040854034503
37006402;4345952127396306940
50329199;676399508347
81487028;4608625092699299
94110951;36354129359690
14857140;4787528847165132
30945036;588456054174
91304193;4158768323625263
45269936;4914147081340001447
66963110;4794849981648670
54135932;4195737110436155
78275812;2283693040896462
37413224;3543138039293408
17492348;6011235817069434
20906283;5448964583078684
89277843;4375969841980432619
64893518;2720934502550705
46711755;2489711976373744
43957194;30202618938233
88958576;2249036133488461
82972080;4631814790422185
91869722;2327083439073394
42329770;4404919693207511
47615625;4471133406495813
18055887;3514878922076064
84713865;577408796826
93900553;4792788305942140
50712793;3539634320335367
79055079;3541665573523057
60144683;36553480845995
94850956;4610983525918
74344581;30541188407578
19190389;4377953613054
99153953;2287087236713076
86801409;3513817539645995
43104253;3581437521783675
71443782;3540185119554137
87117585;675927997394
41498811;3595349191376066
91490520;375682131215164
00742412;4413397479743497
16982222;676236430432
25451030;349832430399887
95720319;3549937279292648
91843616;4111032738183368
43237746;3519837746218703
71986548;379769450596864
34504598;378335269830992
02039404;6011800485806894
89747520;568673390866
48122412;6011714704023381
80994787;36939590676497
81553914;4329195949852135
09014565;4214356059723551
55466509;6011328612982701
33109541;379372887527212
46100122;180084394958678
44286460;5356728621820708
54600201;4291141227562
92883499;3562273771611834
69909450;4470640655347
74756810;340295343990573
08388391;180077424899649
82981648;30176861048991
74081035;4682234751682115
83068638;180075982487674
55885294;630415635394
48058360;6582436951164481
06524814;4546694240111945441
71884172;502061376724
33202884;341412818582079
06199500;501870218093
91027870;180000552148340
80921448;503837543423
52635779;2232734050515147
44175856;6011721967447876
23680340;378729852601309
54346840;2703652178983072
05512195;3512912748411007
11342045;4133263508012379250
81941629;4376410440564
30690424;343379132134333
58534205;4232662478226
58833117;2263123157790617
64954486;6500222389365216
04069089;675979307906
74746491;3593635827612573
04682929;6534875871579295
34118337;4785294302755832
99738341;3529655727027366
92687776;4788557065089
56573909;2246902627143701
04690450;4117523748516591
05910687;5245265111915289
59060918;4732179211266753
15228864;2243363092967590
89047422;180044851740480
34116432;6011309715520200
38071195;4329670887790455
54984240;3589311613899156
24019132;3597024428456142
04775652;586052553052
44958152;4313369495747364404
47167339;6011636265986724
61489387;3511241259154595
21314650;502022726058
55090124;4583889397306894160
68783259;340156939553441
87665307;2499116059713014
03565230;6011243529732943
78700635;6519253659238238
82225827;3512967302810325
40461724;4230208797019046440
30606302;38333546786659
13893248;4781236631505705
45769290;6011780519725718
82956400;4896037853012269
93750455;4705863386728191
15088222;4005325761050645209
23102491;502037603649
61282377;6011531765745664
50063161;3523715149740461
07260056;4523217792350258
83620683;376600016772827
43542123;4765239975046257556
09945814;2709919031676142
44927981;3574824374803826
82620806;5247902077521028
15591760;4648227738145
56401035;3553346423015629
83707919;4722587179479
93722131;4039144330315659
53222046;4348567537749740549
57561585;30286763444972
49488081;3591540688445992
86581561;4303021305713
04892861;4304920640572503
09262256;2236925120237045
69442292;6567764471377625
91593108;4200997683684440
47310711;4926751127767987
35042235;503893771561
55271509;060442274456
87506556;4525353986633
39229021;4158760420786940
96415870;2266596507058362
78023512;575126292367
70365511;573031306612
44358877;30258992633055
22324375;4933125498920708496
92391956;4006563077292967627
35387985;4291712304736677515
58529089;4361781565397
06729547;5270780916374340
36106578;4171949600566361
19513201;4284215977751093655
69245107;6011991640085233
48880732;30181331389702
16049376;4388118368229633
50415953;38616185998498
35755425;4184638826245982042
08960528;4830321754601829
25570489;3567151841138597
70292732;4394843282743
03687406;6571466899231327
38175893;4266220953634834
38515750;578956933134
40136929;2705712879491672
50864362;180070630284391
97569961;3503735951530168
36908141;213152551521695
84696427;30254309910633
62026253;4872940854064858
64161679;4609869337059203
34700280;6011419747058051
17296588;4745717323717590729
75044602;346573690397640
34277706;30157139454344
66994596;4139478215847835
92578197;3542426834499507
91651549;4523189565019958604
06399375;4267667792983922
68443467;180033378131968
01208658;213157742057079
26984629;4544121924974
76465604;4217157235272
03653487;2272475472428961
24193863;4174818227913024
16288584;4391351549249841
40552279;4747555038669258
93657563;4395146198816752049
31475860;30291790468416
86037914;2544720575031085
25774443;2279228502232652
60815156;4784118125686
88466354;6011002602222879
16043084;30533203486810
82005610;347367111498270
24200264;372974439130101
01449297;4697174073337
18153781;2700316233700821
84571915;4665980725798301
62313735;4887645883457472757
22818935;4630972498561163460
09782266;2277876100138846
60799777;4957784529245254
68456436;180042212848950
04371359;3528021850542617
10425916;582278132581
89291085;30279799029040
38382970;4729407445589806
86449267;4322107438032
76319303;4014331512126751
99627102;676277369978
03251225;4560371472546521
60624505;6570662081592333
29371211;501850459618
77917638;340912143489529
04726159;4556897112002331
71696324;4877946056752708
62695862;4071668663823
35315636;4999889306870084973
64715605;36997326878332
98817498;3509672940706183
86933735;180042802294250
79032117;30106843820233
55370516;676155405902
05364541;060462679204
99244538;501886427308
17228572;4381094213362761
80849377;4669597755443545
56628500;180029726056568
81080564;180039373617984
94434361;30038062153097
97281719;4753527957849
37384487;4705076025436
68426200;5564452083954248
59468219;4915212652773646
63308570;2720605141506338
01461855;4076130686112
80068785;4081856793514
76084447;375435931205434
44704469;4807685316201826
72190135;676255843564
26290669;4348696456697
34393383;180015289598443
63810356;343601009681678
29120949;378936108996165
95860152;4924364177993018178
79731607;676254650275
16182103;4673944946896922
03360866;6011254125597168
24702539;378894940899339
54647985;4310918966577300991
07096877;344753093898590
49353952;4278936159319579992
07063985;376825934350931
22270290;3559177502117513
18059915;4574706419175104
12580583;213145177731458
09689787;4587409471260659
52739859;38998212858725
63547382;503801857775
98826551;3520008784847525
75865016;6011344247532068
69945502;6518858117424989
50132515;375398898765495
14634581;5141541033258940
89754665;4020852362268951677
64522449;376424515646659
26156118;3589442837953022
93096966;4132679115461050497
17031813;3569793009700854
83615665;4372198703331
96401248;5437166143354075
35359746;30538470443584
81483631;180026631576433
82661670;3557721291294678
92225176;5353026053929185
29870479;4671136870502951582
52103582;30488655385129
26090139;4407980718152
73577737;30095130667938
29699735;3561309308833342
35316664;6011536187185951
76989445;676277166283
67079582;562666770077
86140331;180022881438978
71252728;4702374907149886
00995603;2238155356472219
28505785;4110161941244641
34967126;501873389834
25729689;3574932870221805
22884589;180090154321957
86905428;4577689457458425
59951278;378372243679203
20530600;4801509207831590009
67247998;30367261872714
86063340;4195665348532
69666544;3552866707480653
01384833;36210378396116
40099323;2385066308503178
36313754;586213326463
12276011;4127028897067600
86579360;180056409571795
33311654;6563762200958560
51996581;2241207463939310
07912511;3580497637170002
53451279;4957627923694770820
09491243;180027882814036
87393521;630465949687
90641596;4149972072110897
26527222;30355546696081
05592333;4452939899785228
43231454;630413854385
47366220;213124443869780
78570153;4319872055463563956
30889958;3568268660050452
19656588;5347799755775671
15356376;4869138864537
93626408;371459916972986
73767367;4940262691713904
35572893;4710411191905467445
63841060;2234540385825830
70194616;30451974982414
54434066;5111521667511059
99837167;589227869940
87305708;4676242911668252
32587999;346874032318736
98461301;3588946526611338
62953009;503849432615
67598700;371749000548571
46331212;3594582711473556
47385610;6522235764298400
63707298;6011407675084876
99988159;6585183777651393
77614179;3590914760558140
62066754;6011643650784052
09767249;213185903409854
04626916;4143422667772319
83977114;676245784340
08188335;3584084200252171
63498981;378009825463644
59659846;6011573282797000
53214652;30317625768801
39795588;30279990676565
42723288;6011311808681667
62839938;346270874831664
22870049;4601455434803913
25137392;4175473680321187596
46640093;6556067818820809
85456198;6011653091585679
35884880;30303514053075
97092353;348750862275519
18462999;6011630249522812
27621172;4278720048143051
53287724;3517119759477647
22223104;6554478732040378
83486067;3557812311071228
62138277;4032817183275867
77936363;2236194474737346
78580930;371154440070825
87722758;30571498006638
50906086;4736651138748481
04270881;4604910198786404
26485751;4081822317544869894
20436803;4827763556484737
67149292;675904456380
00114202;348331797365475
08795984;3583251837070752
15788344;4310095775714089
45559334;180048738315325
63629378;4897738502699909346
38649875;570460069026
14086304;4594846372066
02290461;180082106437155
57188270;6011497400985190
48217910;676181747046
22671233;4872411091059062331
75352707;344099566868888
58822739;3536191968998579
26832616;4759378225700332079
31882590;4671897594775735
85915770;36793269351506
07422805;4740654577015895
90155468;4601536685894295
85130876;6516746527592168
10941188;4248394170826609295
22357052;3514074507273231
98951550;30339713784276
44156206;575519776877
13834234;4560792179839
96904541;180095169323195
67718184;6011749291472591
73154990;6011882007367290
72692332;675920249306
22754820;4760333955849516057
56169997;38569191629500
32339536;6533891640211251
63457421;3516708221781098
63535914;6011437399324159
73691181;4737258232068568089
83126192;213154330437904
02351711;4786220626768044
38141720;213186005342027
17275644;213117185172488
70782813;38439286375841
39523600;6011994026360188
51792862;2447702197777483
62393393;4439775920371637198
01705973;180016957098591
88334905;4616998513922
98956326;3549400113864841
40297309;6011308691999081
48313940;4840975839577
69094132;4461766992771214675
16893849;676386359274
88258690;180067413665796
73749554;4043873662585
81412907;2271465975827018
83579905;4345984779622563
44465773;213186867710295
70469639;3509432614123045
62955911;6556087867761746
58762004;4688607092879934
21417764;30510945644567
89805664;2293547057060891
36874576;3553232849723063
20917098;060400100040
81894161;4707478790161
84493255;6011962365421895
13293840;4128708769650067
92513419;3569803254259215
05569984;4211165053453633
04540694;4729755681612447650
89816134;501847107775
05066742;503812050287
24011983;180079273523684
02957517;2273855180328455
26806792;4722630259138
78482821;4147882050280215032
36725274;341635497865262
46654366;6510622380934977
77217479;3581378624653128
79296373;30101044657799
11126645;30062967791611
12371914;4287110082061
48279697;3525361846043095
75553203;373542466272788
92221116;213194429924321
93025294;370546001370596
76502392;180090508592931
96290613;3540270646534826
87269994;5341957597099793
45102295;3527995228185020
13774066;4613859024236171938
50804306;4863097932435
32421088;4714254771785864
45996986;3594853688734837
99612542;180035159374451
29284535;6534281907904641
02052748;3520105928056243
23270008;3523447334895252
55448345;3549475925431161
70643824;4879737258638631
47977655;180039308908953
16586192;4804140655784789631
88253527;5558173594561144
59727200;4395592085695455233
20559267;3586528036764203
18954371;4159615540626914
41223666;6599139841580624
92175259;4548894942381127
12882274;562440192333
83633355;180038151025402
27299807;6011281710477399
15001955;3521468365923526
12609413;676318879654
24449137;4050130376983449404
64613222;3552165540592497
20735876;30249277180284
97361343;4729978163281495
92359352;6011682518597884
68511579;3571224080850430
53248299;6011490018105095
89652183;4391065169585215035
09634725;4298225077045
31754415;4618657737818
78734135;3558229136139909
08832740;180015884782467
42260035;4901567589266022
28788171;371385794257499
83346606;4096858066305
09562356;180000076896663
80484547;060415148505
24642644;4879514913193645
38189142;675997718050
37576875;4116080924160
50011452;4503648768033
93825597;4224537080856985
00492201;3577531383988798
64407692;4139014210590155116
77860149;4637534781266102
43888375;3501714125020689
19018775;6518784481659499
44818548;371808991611531
30760035;30592513703306
55669092;3562972188423309
99479268;4609740263968834
95921471;180038712024670
14860911;4143958372173
78090743;30057331033161
51814779;4519169947298096
34312100;374676354446820
71407180;3566386385268837
51696511;6509030053599551
55010696;4061779850384819848
72919583;180049106008914
26237091;4353899136159068
84299888;342131294506167
65855942;2704902449797069
05450329;180002198811729
38490729;4893631952025785
02921808;5233854921288526
64629032;213155364998448
54846821;5233588549289645
30366930;675943462704
74155507;4358955663914542
19108285;3509307022217847
12398096;6011681019107086
70829679;376652185099672
37267506;4543524815300
13018771;501896455042
19529721;2704950105650866
26703701;4351380924820148
66218562;4742331860223035
77395757;4324508123532072
36594382;4703725474469
03562598;2280864034276960
45829796;6011334663088844
44402884;4538168600285082
77183064;4039014713113
69828164;376304552394456
67806720;370251342420875
86596497;2720644084166271
86921619;6011886639575527
15526236;213194273837009
33171357;2242018038023731
57993317;6011821690798569
06368609;6518244827946449
96873700;4536069774745848
05560943;4194233554777974
79317627;639054044461
38284571;4272811975102
23799059;503836387400
99787554;378656874581849
76839016;6011273079130545
57758046;6011143727814966
32393378;4659993769665284
38851773;4296923629033901
81861774;213121062580524
50700219;30162575840600
33646817;4010987526075340717
49505832;2711877316678595
95653211;4784452914369540869
67191185;3585460768681432
34835524;4321356331385807
61699403;4458016118123620567
46426888;2324628222886445
52237102;342710081844327
27241646;6011945051341865
95156231;581451002348
70998757;4477732505049555
24161510;3503732166359319
09455696;340996672294749
42133254;4647504677620
83443077;6574154670447026
89113950;4139249805559
70405460;676365359600
73659921;2368889601992157
77180247;6011618730386821
22159151;2239978810406302
67643653;4833757843852138
54656833;4177516737580583
07362699;4803190382403941425
37186678;3560400516389275
76368790;4555245285380442
61152526;676274055737
44933302;30328944485423
06875886;3559937267556084
10885116;6011142460785623
78767942;4316334185374
64628912;4003579011628114
05022229;4442505118198866055
65704813;3577131451544456
37428884;630448523286
35891178;30018791527845
69737404;675980438690
96980491;30294375643098
35686231;503854043349
64901374;3542451491665711
23760561;4077551088360328
54702981;3524235484395051
45954948;2279574101556953
65621363;377407765006806
70178371;4428031993995167
48748377;6011319050617727
42449027;30429055188275
40006475;4355998725849234
63748147;36453996454129
48205184;4591686445436702049
52498367;3584962581693222
76453151;3540423490718769
67955831;3505605693674251
34215340;4018658426980030
23963337;3574105108876274
50824502;4078942146192994
99939151;3561627615093106
85177116;213169946448749
60566270;4249283953289618156
16676350;2702148615258286
06437947;3553336909871694
04760016;30433281537453
54832916;4905560239793669732
97628453;2221582852915459
17159760;213162630161918
30679825;180046424995939
88310343;372929851283846
77999498;4054344766487861
25151923;4302285240506851
85839342;5520497258449089
69079689;213108529728010
76996443;213194371926928
90562143;3579150551071929
79884051;5209921397834677
33892597;4044816813666368067
66157885;4567098064904356527
43918799;2568613106781271
04900771;5391937656104519
37837464;4946455107834540182
83099373;36460086184607
91646040;4413061818973138
71394633;4317899703060090
04679905;4184955123957263
49833034;6525110452211238
65939727;213142351836237
59279938;213125594935338
24915809;180078739014809
13477479;2463960661669656
36209217;4178973311679308
24282703;4387516756140760
80566953;4320114980267391
29110087;3587949506208712
99935054;3504827727383748
79724869;30135440947859
68643980;4972253646562901
98399482;6011792498647714
57881386;4376648662927841
03112564;4458997334756
95621203;6502676849906240
89089491;4818387194307661
87218701;3538030132108061
30934696;587915207241
31974202;377924819666237
23558670;3521810154785634
56794748;4441322153504219
61018419;5179759356186481
16427501;6011422915226427
51886899;2228941033246189
74472437;503878886830
40678146;4918222643131
55180856;4778655416888181
63006506;4344961802706440
29838066;30233494098974
68726027;30118641058262
47924253;213105277616272
59589204;3595570767205559
63904475;503817945176
58974049;30311664307837
64552880;30353008970615
14766930;4003807381344206
21847011;342077310817882
94577297;344637163513553
72088296;4014811585105
34655917;4954474302104174
90444838;30036025868066
02108407;6011793070081546
32417906;4978758529406798
95246345;2339850152647406
92185586;4600285947506
90032394;36476458892700
45749643;30025175095182
66735885;4380979895364039
63811001;4313301779990
06857226;30235015994573
26073415;574475753905
73095613;4146774695206
42087533;4959157766734793
41863893;4747017584486373174
69883804;4312983662889593
75872618;6011135660333459
05368280;30508887215693
42784821;3562654070437692
64633305;3558241550038186
71799902;36394204855428
58772690;213163469326663
20251635;6011192846448438
23658813;3586542816734443
33886015;30061469949297
15054401;30432859834573
21871061;36976301525464
56400847;342567018513403
40175836;4285974198485090
06582586;3552860073639232
45632204;2234378453535175
98299270;349186810495520
53911513;2706431404609414
03012512;3573941157321544
90878251;180089824221399
16733916;580745693581
68796914;4792839483589264053
85561113;375349919904068
63299786;4233874015425431
55034159;6524118500102342
08838162;3565235503503107
86987790;3507390098335133
90845192;4458555898395308
09171855;2243063984258369
39591470;561941536832
37975265;30454016799770
98294275;4242864730811
88042756;213106580514717
04160151;213158549732203
50466870;6011371303925332
30097155;4674010153317363
50412259;213134644871865
92545564;3535564171027447
24706506;4604662513155514967
16742505;180039640228417
04136866;4756238452360357339
39209672;4313617344887234771
88575148;6011811623089020
24371858;503879382987
04289579;639077936073
59839897;36881058301236
83285165;3537967228725889
77931764;4214297062966144
09287242;6011320134691571
81412846;4904056981819049
75817862;4735019090411
89808092;4088792932277196
75897802;3533695818917871
07239106;4487605777015
61335011;4277783071583564459
86674720;4236535813814772
53980618;30161366166464
64671024;4536496658662395
01835311;3550386644548159
96188576;639010410285
85048737;2240405046325798
29636211;6538708171367887
22939029;4714691364186549
37822804;4829422435037776297
16887503;4122392403659218
39059000;4181499820147038
48933384;30136727349017
13294847;341928625728472
29219223;4071921076086
60426062;30378112505783
09948006;2289610895222895
15760760;3523529426995049
98956944;501899062191
67447107;30547880264290
95749235;3562922438497793
92993914;2222201265899205
19486208;6011789132159387
34640784;4743932077522066
95795003;4557465050438
70926071;180082954012076
84621672;4373793764346953762
89795644;3541480638759963
09027763;4144139767132971243
74812967;6011826084777137
84734785;4066391754658884
01302882;372318988707523
38011542;4441391541603520
10004388;376265560220837
39254894;3507036091287546
98626007;4838977622845788651
38769030;4120234979062
28734840;4696257753649588
04088233;4125678031312
64862286;4222957948406141696
98032402;348822472374048
25142099;180058910519057
64332192;3566132689252998
37327262;3549119803635010
25739923;4985530573805
96047972;3542881549602540
22931153;30239822862791
61867949;4198295331225433
12971411;4748895385258458499
30333529;676232122231
63546958;376756022187390
19869124;30433142280715
51304720;4294009405775989640
55882651;3535526405915044
17641616;4769726959769830
19279749;6573348641814535
11710349;4534577372120364
31500524;345580289739521
36693337;4084153630532732319
14044953;4790387149068317346
25415759;2221326691936007
13256425;6577944658436232
52033384;639035180822
76925580;2583483010066701
09177802;4451414390187606
27371824;3509485623246140
15189462;630466874868
18863307;180007667931486
03207307;180016699451900
73488866;6011140774236812
36991013;372656604100270
09191891;4008182815134166693
17269063;6523822534004058
42493327;4452028086251000010
50263530;213152681378420
06942984;2441916930009139
80724988;376684151285183
44758905;347035698301320
85988187;4070885092459995540
56050004;180029183110437
52617461;4406775971649065
49560275;2279210318206302
44935313;4885562402207238
07242601;30561221381564
72324301;180073788592342
25647419;2599497919364811
60529695;6552284583715122
89134757;3502611223855686
06101862;4619569686561076722
